name,onion_url,sources,search_hits,status,http_status,score,matched_categories,sample_titles,candidate_category_urls
Images,http://idexy5uaqeeywyhegockjnesn77wugqclbkt3xvadln567k3zf32cvyd.onion/,search:Cytotec; search:Levonorgestrel; search:Mifepristone; search:Misoprostol; search:Plan B; search:abortion pill; search:birth control,7,,,,,,
Advertising,http://tordexu73joywapk2txdr54jed4imqledpcvcuf75qsas2gwdgksvnyd.onion/,search:Cytotec; search:Levonorgestrel; search:Mifepristone; search:Misoprostol; search:Plan B; search:abortion pill; search:birth control,7,,,,,,
👉👉👉TORMART - MARKETPLACE with Multisig Escrow System👈👈👈 TOP RANK...,http://tormartcqzcue4rrvvph7nw4alenvtdvyprwwnymvaav7w2m7fylqsqd.onion/,search:Cytotec; search:Levonorgestrel; search:Mifepristone; search:Misoprostol; search:Plan B; search:abortion pill; search:birth control,7,,,,,,
Cash2Tor,http://cash2tuohd4juo2l6us2ya64qbjtavwtmydb7txbraq7m6qs36dc5tqd.onion/,search:Cytotec; search:Levonorgestrel; search:Mifepristone; search:Misoprostol; search:Plan B; search:abortion pill; search:birth control,7,,,,,,
❤️𝐏𝐑𝐈𝐌𝐄 𝐌𝐀𝐑𝐊𝐄𝐓 - 𝐒𝐀𝐅𝐄 𝐌𝐀𝐑𝐊𝐄𝐓❤️𝐍𝐎 𝐉𝐀𝐕𝐀𝐒𝐂𝐑𝐈𝐏𝐓⭐️𝐍𝐎 𝐁𝐔𝐋𝐋𝐒𝐇𝐈𝐓 ❤️ 𝐑𝐄𝐀𝐋...,http://torchmami5v4bduj36hgtssl2752wfmpopopb6ndy3q6qcsqxvucfaid.onion/,search:Cytotec; search:Levonorgestrel; search:Mifepristone; search:Misoprostol; search:Plan B; search:abortion pill; search:birth control,7,,,,,,
👑 E-MARKET 🛒 👑 FULL ESCROW !!! | XTC & MDMA 💊 | COCAINE 🍚💳🗞️👃 |...,http://emarketzhfjehkqd53lnjgmtvbf7tseydias4rjpazwifiqcotoi2gad.onion/,search:Cytotec; search:Levonorgestrel; search:Mifepristone; search:Misoprostol; search:Plan B; search:abortion pill; search:birth control,7,,,,,,
Celebrity Zoom - Biggest Collection of Sex Tapes and Leaked Vide...,http://czoomdexstp363nde3kf7hp46ptfv7ltgbwjglbd2d3f2ynolc2fpwqd.onion/,search:Cytotec; search:Levonorgestrel; search:Mifepristone; search:Misoprostol; search:Plan B; search:abortion pill; search:birth control,7,,,,,,
✅ TORMart Porn ✅,http://tormartbsqez5q45eon3f64zlwipixhq5thkshbzyi6stlkefv66hrad.onion/,search:Cytotec; search:Levonorgestrel; search:Mifepristone; search:Misoprostol; search:Plan B; search:abortion pill; search:birth control,7,,,,,,
Spygame,http://spygame5awoookfmfhda7jfqimwyfxicjkn3wc4v3oozyno7sqv2axid.onion/,search:Cytotec; search:Levonorgestrel; search:Mifepristone; search:Misoprostol; search:Plan B; search:abortion pill; search:birth control,7,,,,,,
TRUST WIKI 2026,http://wiki6dtqpuvwtc5hopuj33eeavwa6sik7sy57cor35chkx5nrbmmolqd.onion/,search:Cytotec; search:Levonorgestrel; search:Mifepristone; search:Misoprostol; search:Plan B; search:abortion pill; search:birth control,7,,,,,,
🟢 TorSearch,http://mbcszbtdwj6wdsiuhjarpwnektestwtdptykbs5lxzdgioyk5unlxjqd.onion/,search:Cytotec; search:Levonorgestrel; search:Mifepristone; search:Misoprostol; search:Plan B; search:abortion pill; search:birth control,7,,,,,,
🟢 Onion List,http://darkwebp7lyr44rpgqdtevalty2pk5oqmc6m2cnicnix7itelt3lp3id.onion/,search:Cytotec; search:Levonorgestrel; search:Mifepristone; search:Misoprostol; search:Plan B; search:abortion pill; search:birth control,7,,,,,,
🟢 TorHiddenLinks,http://torlink2uegl22vwzop42t4eipy2r2eksk67kvan4vx4r6h77t3cejad.onion/,search:Cytotec; search:Levonorgestrel; search:Mifepristone; search:Misoprostol; search:Plan B; search:abortion pill; search:birth control,7,,,,,,
✅ DEEP WEB LINKS | DEEP WEB BLOG | TOR SITES ✅,http://darkwetgo3nlt5u63wkrpz7amdtdnv54665ctwff4s4rb3vunzi5ajad.onion/,search:Cytotec; search:Levonorgestrel; search:Mifepristone; search:Misoprostol; search:Plan B; search:abortion pill; search:birth control,7,,,,,,
❤️PRIME MARKET-SAFE Market❤️NO JavaScript⭐️NO Bullshit ❤️ 100k+ ...,http://torchmadnjutmb2koswushmgtuyrtknmjfut24bz4zkw7iwf2tt7r5yd.onion/,search:Cytotec; search:Levonorgestrel; search:Mifepristone; search:Misoprostol; search:Plan B; search:abortion pill; search:birth control,7,,,,,,
NotEvil - The Highway To Hell! Search and find everything on dar...,http://notevil2ebbr5xjww6nryjta7bycbriyi2vh7an3wcuovlznvobykmad.onion/,search:Cytotec; search:Levonorgestrel; search:Mifepristone; search:Misoprostol; search:Plan B; search:abortion pill; search:birth control,7,,,,,,
🔎 FindTor,http://findtorroveq5wdnipkaojfpqulxnkhblymc7aramjzajcvpptd4rjqd.onion/,search:Cytotec; search:Levonorgestrel; search:Mifepristone; search:Misoprostol; search:Plan B; search:abortion pill; search:birth control,7,,,,,,
✨ 🍬 GoldenTicket 🍬 🍭 CANDY FACTORY 🍭 🍬 GoldenTicket 🍬 ✨,http://goldentgwgtrmxxfopbfxwl7enamd2zvray7jl3p46l6igrdpsbs27qd.onion/,search:Cytotec; search:Levonorgestrel; search:Mifepristone; search:Misoprostol; search:Plan B; search:abortion pill; search:birth control,7,,,,,,
"🌀 Doraemon Shop 🌀 Cocaine, weed, hash, keta, MDMA, XTC, LSD 🌀",http://doraemondnqaydbnlkx7crhywrdzetz2x3ylbeodkdsmplh6x462ceid.onion/,search:Cytotec; search:Levonorgestrel; search:Mifepristone; search:Misoprostol; search:Plan B; search:abortion pill; search:birth control,7,,,,,,
"✅Zion Marketplace✅💊💊💊 : Meth, Cocaine, MDMA ...",http://zionmk5m72ijzdlmnfdxdujyi7p5euvxl54xui5tikmh27d4u4rea2id.onion/,search:Cytotec; search:Levonorgestrel; search:Mifepristone; search:Misoprostol; search:Plan B; search:abortion pill; search:birth control,7,,,,,,
"Maria Shop - Make Money, Buy Drugs and Hacking Software",http://2iolxrbeahkjpebnct26go4cre4gjfshi33djlykccu4pgh37db3k6ad.onion/,search:Cytotec; search:Levonorgestrel; search:Mifepristone; search:Misoprostol; search:Plan B; search:abortion pill; search:birth control,7,,,,,,
🆘 HIRE A HITMAN 🆘,http://hitmanmxbn7dwgbpjzj24fvhkvrdpxc67y55663bniuwump2vtxiiqqd.onion/,search:Cytotec; search:Levonorgestrel; search:Mifepristone; search:Misoprostol; search:Plan B; search:abortion pill; search:birth control,7,,,,,,
📖 Hitman Guide 👉 How to Hire a Contract Killer 🔎 Find a Trained ...,http://hitman3cnqniykovbwbgdkegmzppoa2w6vesvymgpst45yy7scb5dxid.onion/,search:Cytotec; search:Levonorgestrel; search:Mifepristone; search:Misoprostol; search:Plan B; search:abortion pill; search:birth control,7,,,,,,
DNMX Email,http://hxuzjtocnzvv5g2rtg2bhwkcbupmk7rclb6lly3fo4tvqkk5oyrv3nid.onion/,search:Cytotec; search:Levonorgestrel; search:Mifepristone; search:Misoprostol; search:Plan B; search:abortion pill; search:birth control,7,,,,,,
PrivateMX Anonymous Email Service,http://privao7wfgfbpf46lytcgla7fn7dcjpomp2djzm3lk3yy3i7zocvn5id.onion/,search:Cytotec; search:Levonorgestrel; search:Mifepristone; search:Misoprostol; search:Plan B; search:abortion pill; search:birth control,7,,,,,,
Taking care with source security when reporting on abortion,http://4clauvddoezkx2kjrpjvqewcgd3vnkoc6rkop7j32qsj3eisoldjxuad.onion/,search:abortion pill,1,,,,,,
Projection « Abortion Dream Team » - Bourse du Travail - Vendredi 6 mars 18h30 - Rebellyon.info,http://cazyspc6jxpcgkj2xqkkkcmagjgv24sfnme7ecd4r2g53q4wfld3omad.onion/,search:abortion pill; search:birth control,2,,,,,,
buy adderall 20mg | adderall pill for sale | buy pills 24/7,http://la5tlzncrpttaqzfvmtrgixl6u77w36ueqx5e2v47uqqrk5i5hmsxxyd.onion/,search:abortion pill,1,,,,,,
"10 PILLS OXYCODONE M30 PILL *PRESSED* - Amazon Market | Buy Bitcoin Wallets, Hacking Software, Drugs & Guns",http://amazon3ey4n7lgjaqhor56oxjkx7d6jwdkfwi4nudl4xxvaxrqs55wad.onion/,search:abortion pill,1,,,,,,
Pills | Buy Pills + Darknet Marketplace - BlackStar,http://blacksyklo63z4flddfxb5gry3osmdy6dyktygkzty6uxnxceib7qjid.onion/,search:abortion pill,1,,,,,,
"2CB Pills, 2CB Pills for Sale",http://gaklwru23azbl753erocd63e7ez3vzgvv2l6vwvcsztldle5qvsxkoid.onion/,search:abortion pill,1,,,,,,
Pills | Buy Pills + Darknet Market - Tor Stuff,http://stuffmmeqhpq6wj2y3lwsuo7q46xfojr5lnarwz56osk4c5bb5lkkqqd.onion/,search:abortion pill,1,,,,,,
"2CB Pills, 2CB Pills for Sale",http://zvwvgr7apsw6jjncmguhgh3gjkiqax6bttew27m3dxma2mvrf2imluad.onion/,search:abortion pill,1,,,,,,
Buy Xanax(Alprazolam) from $2/pill,http://rxfpdzhcfmjxvkohawzisnvojy36gxustnznmwd7miwno54fyh2bw2qd.onion/,search:abortion pill,1,,,,,,
Pills | Buy Pills + Onion Darknet Market - Tor Stuff,http://stuffdleakt4xraufncfbovubw6pmdv3i2wekbdrblqph43fwmkhsvqd.onion/,search:abortion pill,1,,,,,,
"b707 pill - Darknet Markets links, url, reviews.",http://dypb2u4anofmwe4fgj27o4zliaixfjn22zt7jshmuqnd5znely5rrtqd.onion/,search:abortion pill,1,,,,,,
ECSTASY 300MG PILL ONLINE - DARKMALL MARKET,http://ovfmfla7kjrevuw5y7vashdmdbtgnrvjhz5xhluxi4hnmoavd4sxriqd.onion/,search:abortion pill,1,,,,,,
ECSTASY 300MG PILL ONLINE - TOR ACCESS MARKET,http://2zjwjaepx465unk4x63uiabgyl2bzrcyctrcwuynwjdejgzlawtks4qd.onion/,search:abortion pill,1,,,,,,
Nembutal Pills | Ofox Solutions,http://fexxsdcazsgmr4m3sgezgqjojdckb7suebempvvxeba53hevydiufrad.onion/,search:abortion pill,1,,,,,,
Alprazolam For Sale | Xanax Pills 2mg for sale | Buy Pills,http://4kmkovyp3z7mfpwdpuxi72zvmlp2svx5u5vi4jfdww7vvxmzuj6cogid.onion/,search:abortion pill,1,,,,,,
Zionist Trump Administration is Buying Warehouses Across the U.S. for “Detention Centers” While they Attack the First Amendment to Silence Critics - Vaccine Impact,http://2vjl4dwu2bnwfteusqjn6ztmwhnozcsxpf7vym3lkkx76z34wd3vk6id.onion/,search:Plan B,1,,,,,,
Ammunition - Deep Market online,http://zkpckszxe37pnv3eyxxzmqgm3ftllmizzr3fdx7b6rxsbvt3rn2rzwid.onion/,search:Plan B; search:birth control,2,,,,,,
Birth Certificate,http://deepmehruhlkmelzffkpcxathectjtnanzkgk7xw7ibuj6qieubpecqd.onion/,search:birth control,1,,,,,,
Birth Certificate – A beautiful shop for clients,http://docuy2acomn6bilcx2qm4gvc4l6s2q5vtyyg6m2uxv64jm4fo6gb7zid.onion/,search:birth control,1,,,,,,
Artifia - User Control Panel - Register,http://ilt4ef2u5z3aykwuqqrulk7jkp724sik333mvsgrx6hpb6ziz4ajf7qd.onion/,search:birth control,1,,,,,,
Purchase Birth Certificate | Shadow Market,http://shadowm4vpk2xffxqx5ngu5ckrq63oraoyb6hs7w23ypzckmgnqyeaad.onion/,search:birth control,1,,,,,,
Purchase Birth Certificate | Shadow Market,http://i3xl2ucmsccyj3ik7zbovmipnxbnkna5ku7sx2j22vhi7qa7e62utrid.onion/,search:birth control,1,,,,,,
Message of Thought Control. – S-Config,http://xjfbpuj56rdazx4iolylxplbvyft2onuerjeimlcqwaihp3s6r4xebqd.onion/,search:birth control,1,,,,,,
"Fake IDs, Birth/Death Certification, Passport + Many more!!! - The Darknet Market",http://zkxvemrksvvwups4zlizjkzafntbfhd6w7w7mmjqpwrbolamlhhwyxad.onion/,search:birth control,1,,,,,,
Hackers Central,http://vawxzp7vx4r2a2xwvcnvod646hin4hnvgjcgykdqrr25ven5y3ahifid.onion/,search:birth control,1,,,,,,
Wartime Statues: Instruments of Soviet Control - CIA,http://4qpppupvnx3bys4hgivlerc5zzvvxbbzwikyruzgbjb5ab6xfi6kbdad.onion/,search:birth control,1,,,,,,
darkfailenbsdla5mal2mxn2uz66od5vtzd5qozslagrfzachha3f3id.onion,http://darkfailenbsdla5mal2mxn2uz66od5vtzd5qozslagrfzachha3f3id.onion/,directory:dark.fail; directory:daunt.link,0,,,,,,
Dread,http://dreadytofatroptsdj6io7l3xptbet6onoyno2yv7jicoxknyazubrad.onion/,directory:dark.fail; directory:daunt.link; directory:tor.taxi,0,,,,,,
recon222tttn4ob7ujdhbn3s4gjre7netvzybuvbq2bcqwltkiqinhad.onion,http://recon222tttn4ob7ujdhbn3s4gjre7netvzybuvbq2bcqwltkiqinhad.onion/,directory:dark.fail; directory:daunt.link,0,,,,,,
DrugHub,http://drughub666py6fgnml5kmxa7fva5noppkf6wkai4fwwvzwt4rz645aqd.onion/,directory:dark.fail; directory:daunt.link; directory:tor.taxi,0,,,,,,
,http://exploitivzcm5dawzhe6c32bbylyggbjvh5dyvsvb5lkuz5ptmunkmqd.onion/,directory:dark.fail,0,,,,,,
,http://lgh3eosuqrrtvwx3s4nurujcqrm53ba5vqsbim5k5ntdpo33qkl7buyd.onion/,directory:dark.fail,0,,,,,,
,http://wmj5kiic7b6kjplpbvwadnht2nh2qnkbnqtcv3dyvpqtz7ssbssftxid.onion/,directory:dark.fail,0,,,,,,
Archive.is,http://archiveiya74codqgiixo33q62qlrqtkgmcitqx5u2oeqnmn5bpcbiyd.onion/,directory:dark.fail; directory:daunt.link; directory:tor.taxi,0,,,,,,
BBC,http://bbcnewsd73hkzno2ini43t4gblxvycyac5aw4gnv7t2rccijh7745uqd.onion/,directory:dark.fail; directory:daunt.link; directory:tor.taxi,0,,,,,,
,http://pornhubvybmsymdol4iibwgwtkpwmeyd6luq2gxajgjzfjvotyt5zhyd.onion/,directory:dark.fail,0,,,,,,
ProPublica,http://p53lf57qovyuvwsc6xnrppyply3vtqm7l6pcobkmyqsiofyeznfu5uqd.onion/,directory:dark.fail; directory:daunt.link; directory:tor.taxi,0,,,,,,
ProtonMail,http://protonmailrmez3lotccipshtkleegetolb73fuirgj7r4o4vfu7ozyd.onion/,directory:dark.fail; directory:daunt.link; directory:tor.taxi,0,,,,,,
Rise Up,http://vww6ybal4bd7szmgncyruucpgfkqahzddi37ktceo3ah7ngmcopnpyyd.onion/,directory:dark.fail; directory:daunt.link; directory:tor.taxi,0,,,,,,
,http://27m3p2uv7igmj6kvd4ql3cct5h3sdwrsajovkkndeufumzyfhlfev4qd.onion/,directory:dark.fail,0,,,,,,
The New York Times,http://nytimesn7cgmftshazwhfgzm37qxb44r64ytbb2dj3x62d2lljsciiyd.onion/,directory:dark.fail; directory:daunt.link; directory:tor.taxi,0,,,,,,
,http://lpiyu33yusoalp5kh3f4hak2so2sjjvjw5ykyvu2dulzosgvuffq6sad.onion/,directory:dark.fail,0,,,,,,
Blockchair,http://blkchairbknpn73cfjhevhla7rkp4ed5gg2knctvv7it4lioy22defid.onion/,directory:dark.fail; directory:daunt.link; directory:tor.taxi,0,,,,,,
,http://nehdddktmhvqklsnkjqcbpmb63htee2iznpcbs5tgzctipxykpj6yrid.onion/,directory:dark.fail,0,,,,,,
The Tor Project,http://2gzyxa5ihm7nsggfxnu52rck2vv4rvmdlkiu3zzui5du4xyclen53wid.onion/,directory:dark.fail; directory:daunt.link; directory:tor.taxi,0,,,,,,
,http://monero3tssjogwg5rj37hiawndkwge5eio5wtgwvt32fvzu5drpmzlqd.onion/,directory:dark.fail,0,,,,,,
Cryptostorm,http://stormwayszuh4juycoy4kwoww5gvcu2c4tdtpkup667pdwe4qenzwayd.onion/,directory:dark.fail; directory:daunt.link; directory:tor.taxi,0,,,,,,
Mullvad,http://o54hon2e2vj6c7m3aqqu6uyece65by3vgoxxhlqlsvkmacw6a7m7kiad.onion/,directory:dark.fail; directory:daunt.link; directory:tor.taxi,0,,,,,,
Njal.la,http://njallalafimoej5i4eg7vlnqjvmb6zhdh27qxcatdn647jtwwwui3nad.onion/,directory:dark.fail; directory:daunt.link; directory:tor.taxi,0,,,,,,
DuckDuckGo,http://duckduckgogg42xjoc72x3sjasowoarfbgcmvfimaftt6twagswzczad.onion/,directory:dark.fail; directory:daunt.link; directory:tor.taxi,0,,,,,,
,http://facebookwkhpilnemxj7asaniu7vnjjbiltxjqhye3mhbshg7kx5tfyd.onion/,directory:dark.fail,0,,,,,,
Keybase,http://keybase5wmilwokqirssclfnsqrjdsi7jdir5wy7y7iu3tanwmtp6oid.onion/,directory:dark.fail; directory:tor.taxi,0,,,,,,
,http://enxx3byspwsdo446jujc52ucy2pf5urdbhqw3kbsfhlfjwmbpj5smdad.onion/,directory:dark.fail,0,,,,,,
,http://ddosxlvzzow7scc7egy75gpke54hgbg2frahxzaw6qq5osnzm7wistid.onion/,directory:dark.fail,0,,,,,,
piratebayo3klnzokct3wt5yyxb2vpebbuyjl7m623iaxmqhsd52coid.onion,http://piratebayo3klnzokct3wt5yyxb2vpebbuyjl7m623iaxmqhsd52coid.onion/,directory:dark.fail; directory:daunt.link,0,,,,,,
,http://zkaan2xfbuxia2wpf7ofnkbz6r5zdbbvxbunvp5g2iebopbfc4iqmbad.onion/,directory:dark.fail,0,,,,,,
ciadotgov4sjwlzihbbgxnqg3xiyrg7so2r2o3lt5wz5ypk4sxyjstad.onion,http://ciadotgov4sjwlzihbbgxnqg3xiyrg7so2r2o3lt5wz5ypk4sxyjstad.onion/,directory:dark.fail; directory:daunt.link,0,,,,,,
USA's NCIDE Task Force,http://ncidetfs7banpz2d7vpndev5somwoki5vwdpfty2k7javniujekit6ad.onion/,directory:dark.fail; directory:daunt.link; directory:tor.taxi,0,,,,,,
Click here to visit our onion address!,http://tortaxi2dev6xjwbaydqzla77rrnth7yn2oqzjfmiuwn5h6vsk2a4syd.onion/,directory:daunt.link; directory:tor.taxi,0,,,,,,
The Tor Times,http://tortimeswqlzti2aqbjoieisne4ubyuoeiiugel2layyudcfrwln76qd.onion/,directory:daunt.link; directory:tor.taxi,0,,,,,,
Dark Matter,http://darkmat3kdxestusl437urshpsravq7oqb7t3m36u2l62vnmmldzdmid.onion/,directory:daunt.link; directory:tor.taxi,0,,,,,,
2,http://darkmmk3owyft4zzg3j3t25ri4z5bw7klapq6q3l762kxra72sli4mid.onion/,directory:daunt.link; directory:tor.taxi,0,,,,,,
3,http://darkmmro6j5xekpe7jje74maidkkkkw265nngjqxrv4ik7v3aiwdbtad.onion/,directory:daunt.link; directory:tor.taxi,0,,,,,,
Monero Observer,http://ttq5m3lsdhjysspvof6m72lbygclzyeelvn3wgjj7m3fr4djvbgepwyd.onion/,directory:tor.taxi,0,,,,,,
Pitch,http://pitchprash4aqilfr7sbmuwve3pnkpylqwxjbj2q5o4szcfeea6d27yd.onion/,directory:daunt.link; directory:tor.taxi,0,,,,,,
2,http://pitchzzzoot5i4cpsblu2d5poifsyixo5r4litxkukstre5lrbjakxid.onion/,directory:daunt.link; directory:tor.taxi,0,,,,,,
NZ Forum,http://nzdnmfcf2z5pd3vwfyfy3jhwoubv6qnumdglspqhurqnuvr52khatdad.onion/,directory:tor.taxi,0,,,,,,
Germania,http://germania7zs27fu3gi76wlr5rd64cc2yjexyzvrbm4jufk7pibrpizad.onion/,directory:daunt.link; directory:tor.taxi,0,,,,,,
FairTrade,http://fairfffoxrgxgi6tkcaxhxre2hpwiuf6autt75ianjkvmcn65dxxydad.onion/,directory:tor.taxi,0,,,,,,
EndChan,http://endchancxfbnrfgauuxlztwlckytq7rgeo5v6pc2zd4nyqo3khfam4ad.onion/,directory:tor.taxi,0,,,,,,
Dutch National Police,http://tcecdnp2fhyxlcrjoyc2eimdjosr65hweut6y7r2u6b5y75yuvbkvfyd.onion/,directory:tor.taxi,0,,,,,,
XSS.is,http://xssforumv3isucukbxhdhwz67hoa5e2voakcfkuieq4ch257vsburuid.onion/,directory:tor.taxi,0,,,,,,
DarkForest,http://dkforestseeaaq2dqz2uflmlsybvnq2irzn4ygyvu53oazyorednviid.onion/,directory:daunt.link; directory:tor.taxi,0,,,,,,
dump.li,http://dumpliwoard5qsrrsroni7bdiishealhky4snigbzfmzcquwo3kml4id.onion/,directory:daunt.link; directory:tor.taxi,0,,,,,,
Eternal Hosting,http://eternalcbrzpicytj4zyguygpmkjlkddxob7tptlr25cdipe5svyqoqd.onion/,directory:daunt.link; directory:tor.taxi,0,,,,,,
VormWeb,http://volkancfgpi4c7ghph6id2t7vcntenuly66qjt6oedwtjmyj4tkk5oqd.onion/,directory:daunt.link; directory:tor.taxi,0,,,,,,
OnionShare,http://lldan5gahapx5k7iafb3s4ikijc4ni7gx5iywdflkba5y2ezyg6sjgyd.onion/,directory:daunt.link; directory:tor.taxi,0,,,,,,
DIG,http://digdig2nugjpszzmqe5ep2bk7lqfpdlyrkojsx2j6kzalnrqtwedr3id.onion/,directory:daunt.link; directory:tor.taxi,0,,,,,,
Feather Wallet,http://featherdvtpi7ckdbkb2yxjfwx3oyvr3xjz3oo4rszylfzjdg6pbm3id.onion/,directory:daunt.link; directory:tor.taxi,0,,,,,,
cock.li,http://rurcblzhmdk22kttfkel2zduhyu3r6to7knyc7wiorzrx5gw4c3lftad.onion/,directory:tor.taxi,0,,,,,,
2,http://xdkriz6cn2avvcr2vks5lvvtmfojz2ohjzj4fhyuka55mvljeso2ztqd.onion/,directory:tor.taxi,0,,,,,,
Whonix,http://dds6qkxpwdeubwucdiaord2xgbbeyds25rbsgr73tbfpqpt4a6vjwsyd.onion/,directory:daunt.link; directory:tor.taxi,0,,,,,,
altaddress.org,http://tp7mtouwvggdlm73vimqkuq7727a4ebrv4vf4cnk6lfg4fatxa6p2ryd.onion/,directory:tor.taxi,0,,,,,,
Darknet Bible,http://biblemeowimkh3utujmhm6oh2oeb3ubjw2lpgeq3lahrfr2l6ev6zgyd.onion/,directory:daunt.link; directory:tor.taxi,0,,,,,,
PissMail,http://pissmaiamldg5ciulncthgzudvh5d55dismyqf6qdkx372n2b5osefid.onion/,directory:tor.taxi,0,,,,,,
OpSec Manual,http://jqibjqqagao3peozxfs53tr6aecoyvctumfsc2xqniu4xgcrksal2iqd.onion/,directory:tor.taxi,0,,,,,,
Qubes OS,http://qubesosfasa4zl44o4tws22di6kepyzfeqv3tg4e3ztknltfxqrymdad.onion/,directory:daunt.link; directory:tor.taxi,0,,,,,,
Underworld,http://fozdean5ayswi6jtseg2fgyysqt3dskoosmoc6gnqia4dxwxiuvg3oad.onion/,directory:tor.taxi,0,,,,,,
Onion Archive,http://x4ijfwy76n6jl7rs4qyhe6qi5rv6xyuos3kaczgjpjcajigjzk3k7wqd.onion/,directory:tor.taxi,0,,,,,,
morke.org,http://6n5nbusxgyw46juqo3nt5v4zuivdbc7mzm74wlhg7arggetaui4yp4id.onion/,directory:tor.taxi,0,,,,,,
danwin1210.de,http://danielas3rtn54uwmofdo3x2bsdifr47huasnmbgqzfrec5ubupvtpid.onion/,directory:daunt.link; directory:tor.taxi,0,,,,,,
2,http://5gdvpfoh6kb2iqbizb37lzk2ddzrwa47m6rpdueg2m656fovmbhoptqd.onion/,directory:tor.taxi,0,,,,,,
SimplyTranslate,http://xxtbwyb5z5bdvy2f6l2yquu5qilgkjeewno4qfknvb3lkg3nmoklitid.onion/,directory:tor.taxi,0,,,,,,
Monero,http://monerotoruzizulg5ttgat2emf4d6fbmiea25detrmmy7erypseyteyd.onion/,directory:tor.taxi,0,,,,,,
XMPP.is,http://6voaf7iamjpufgwoulypzwwecsm2nu7j5jpgadav2rfqixmpl4d65kid.onion/,directory:daunt.link; directory:tor.taxi,0,,,,,,
monero.fail,http://livk2fpdv4xjnjrbxfz2tw3ptogqacn2dwfzxbxr3srinryxrcewemid.onion/,directory:tor.taxi,0,,,,,,
/d/TorDotTaxi,http://g66ol3eb5ujdckzqqfmjsbpdjufmjd5nsgdipvxmsh7rckzlhywlzlqd.onion/,directory:tor.taxi,0,,,,,,
dauntdatakit2xi4usevwp3pajyppsgsrbzkfqyrp6ufsdwrnm6g5tqd.onion,http://dauntdatakit2xi4usevwp3pajyppsgsrbzkfqyrp6ufsdwrnm6g5tqd.onion/,directory:daunt.link,0,,,,,,
torzon4kv5swfazrziqvel2imhxcckc4otcvopiv5lnxzpqu4v4m5iyd.onion,http://torzon4kv5swfazrziqvel2imhxcckc4otcvopiv5lnxzpqu4v4m5iyd.onion/,directory:daunt.link,0,,,,,,
ujgkk42xmmip6h567srdlleefgb7hemc424cwzylrvxzgvsyoou6atid.onion,http://ujgkk42xmmip6h567srdlleefgb7hemc424cwzylrvxzgvsyoou6atid.onion/,directory:daunt.link,0,,,,,,
7hlducio2a57if4vk5yt7g63cbs42dffztcmkyjjrb7bmdy5iuuyi7qd.onion,http://7hlducio2a57if4vk5yt7g63cbs42dffztcmkyjjrb7bmdy5iuuyi7qd.onion/,directory:daunt.link,0,,,,,,
fnc26zcinywhldpv5za5ocafznw4jsumy2zcuhiri6sqwmnpy2bzmuad.onion,http://fnc26zcinywhldpv5za5ocafznw4jsumy2zcuhiri6sqwmnpy2bzmuad.onion/,directory:daunt.link,0,,,,,,
tjtmpqpfng6upzv34cpw5cglycwzdpnae3xau56wprp2wp5sw32benyd.onion,http://tjtmpqpfng6upzv34cpw5cglycwzdpnae3xau56wprp2wp5sw32benyd.onion/,directory:daunt.link,0,,,,,,
3c7caoyxqz3hd4pepb5owa6ac7qyrcceeu2wg73n3jrcpar664nyd3qd.onion,http://3c7caoyxqz3hd4pepb5owa6ac7qyrcceeu2wg73n3jrcpar664nyd3qd.onion/,directory:daunt.link,0,,,,,,
6v4gemuzsix2p5q3feuz4bwvrbi75ycw665diwcltymkfhwmnxhkz6id.onion,http://6v4gemuzsix2p5q3feuz4bwvrbi75ycw665diwcltymkfhwmnxhkz6id.onion/,directory:daunt.link,0,,,,,,
pdtnkswh4ewn6cn5mq3ghyx276w5echzjnjoftvxsfbfnpdbapamaaqd.onion,http://pdtnkswh4ewn6cn5mq3ghyx276w5echzjnjoftvxsfbfnpdbapamaaqd.onion/,directory:daunt.link,0,,,,,,
5fcewlhdjn2gs4op4on6k2nea6nqmtn65wdohyodfahcvcumciv3soad.onion,http://5fcewlhdjn2gs4op4on6k2nea6nqmtn65wdohyodfahcvcumciv3soad.onion/,directory:daunt.link,0,,,,,,
q46wfsee26kj6oead5hg643oi363lgqiz3m45b2dwrizefryu2zdfrqd.onion,http://q46wfsee26kj6oead5hg643oi363lgqiz3m45b2dwrizefryu2zdfrqd.onion/,directory:daunt.link,0,,,,,,
sglgj2fytneccvyn6n4u3pacj4zhdhscfoptnhxxes3uvljmontru2yd.onion,http://sglgj2fytneccvyn6n4u3pacj4zhdhscfoptnhxxes3uvljmontru2yd.onion/,directory:daunt.link,0,,,,,,
245mkrsljsgp3fdxp2hjw3pifplluznozd2lcqiojkc3n7zxdbc455id.onion,http://245mkrsljsgp3fdxp2hjw3pifplluznozd2lcqiojkc3n7zxdbc455id.onion/,directory:daunt.link,0,,,,,,
wk6dwjxq5yfjnt2i7zz7vcrppb6hzrmxlq6sxxwhisco2e44wpkcvdad.onion,http://wk6dwjxq5yfjnt2i7zz7vcrppb6hzrmxlq6sxxwhisco2e44wpkcvdad.onion/,directory:daunt.link,0,,,,,,
blackops3zlgfuq4dg4yrtxoe57u3sxfa34kqzbooqbovutleqhf3zqd.onion,http://blackops3zlgfuq4dg4yrtxoe57u3sxfa34kqzbooqbovutleqhf3zqd.onion/,directory:daunt.link,0,,,,,,
blackops4zfjqugajzrwokor34sv4sm5sf6pnegaevhgd7k7yt3rkbid.onion,http://blackops4zfjqugajzrwokor34sv4sm5sf6pnegaevhgd7k7yt3rkbid.onion/,directory:daunt.link,0,,,,,,
blackops527cggb6ybayggx3bjt24xz32rotdugs6ikejxdiik6dyiid.onion,http://blackops527cggb6ybayggx3bjt24xz32rotdugs6ikejxdiik6dyiid.onion/,directory:daunt.link,0,,,,,,
blackops66p7edjocooiipudvefdhupk27pi4y72iwnbbjvccky646yd.onion,http://blackops66p7edjocooiipudvefdhupk27pi4y72iwnbbjvccky646yd.onion/,directory:daunt.link,0,,,,,,
omega7eye5ar3rkrhfr5odhzmlft7mrygp76fuqkh4kian73nd3b7hyd.onion,http://omega7eye5ar3rkrhfr5odhzmlft7mrygp76fuqkh4kian73nd3b7hyd.onion/,directory:daunt.link,0,,,,,,
darkmmaugjlnyv7i367vwddz4jkvy2sdlaeutb2uilgs5g3no54mb4qd.onion,http://darkmmaugjlnyv7i367vwddz4jkvy2sdlaeutb2uilgs5g3no54mb4qd.onion/,directory:daunt.link,0,,,,,,
darkmmka22ckaagrnkgyx6kba2brra3ulhz3grfo4fz425nr7owcncad.onion,http://darkmmka22ckaagrnkgyx6kba2brra3ulhz3grfo4fz425nr7owcncad.onion/,directory:daunt.link,0,,,,,,
darkmmnjhxn5sf3j2rz3hy36kdotf3apgfh4g6iez6cb2q2feazlsuad.onion,http://darkmmnjhxn5sf3j2rz3hy36kdotf3apgfh4g6iez6cb2q2feazlsuad.onion/,directory:daunt.link,0,,,,,,
vvedndyt433kopnhv6vejxnut54y5752vpxshjaqmj7ftwiu6quiv2ad.onion,http://vvedndyt433kopnhv6vejxnut54y5752vpxshjaqmj7ftwiu6quiv2ad.onion/,directory:daunt.link,0,,,,,,
cebulka7uxchnbpvmqapg5pfos4ngaxglsktzvha7a5rigndghvadeyd.onion,http://cebulka7uxchnbpvmqapg5pfos4ngaxglsktzvha7a5rigndghvadeyd.onion/,directory:daunt.link,0,,,,,,
suprbaydvdcaynfo4dgdzgxb4zuso7rftlil5yg5kqjefnw4wq4ulcad.onion,http://suprbaydvdcaynfo4dgdzgxb4zuso7rftlil5yg5kqjefnw4wq4ulcad.onion/,directory:daunt.link,0,,,,,,
mhanh3ymqx4lmghvcq5eyoq3mjj5qzanvt6i7yvwhytsv6xjuymg4fid.onion,http://mhanh3ymqx4lmghvcq5eyoq3mjj5qzanvt6i7yvwhytsv6xjuymg4fid.onion/,directory:daunt.link,0,,,,,,
superwtavnevo53im3jjqimhgj4nj5xopf765cidji6e4dkpsveb5wyd.onion,http://superwtavnevo53im3jjqimhgj4nj5xopf765cidji6e4dkpsveb5wyd.onion/,directory:daunt.link,0,,,,,,
waa2dbeditmgttutm4m64jvwirmwtirhbuupngbhheddadyojgjsttid.onion,http://waa2dbeditmgttutm4m64jvwirmwtirhbuupngbhheddadyojgjsttid.onion/,directory:daunt.link,0,,,,,,
narcooqom5mfevbeb6gck5tg5y2g2f5grywcu7cp4b3bvsmlvph66wqd.onion,http://narcooqom5mfevbeb6gck5tg5y2g2f5grywcu7cp4b3bvsmlvph66wqd.onion/,directory:daunt.link,0,,,,,,
darkzqtmbdeauwq5mzcmgeeuhet42fhfjj4p5wbak3ofx2yqgecoeqyd.onion,http://darkzqtmbdeauwq5mzcmgeeuhet42fhfjj4p5wbak3ofx2yqgecoeqyd.onion/,directory:daunt.link,0,,,,,,
apig2yathivs562p4gkgtpe4azrqlgxohopsgddrkjxkegkxdt75wqqd.onion,http://apig2yathivs562p4gkgtpe4azrqlgxohopsgddrkjxkegkxdt75wqqd.onion/,directory:daunt.link,0,,,,,,
amnesia6iuqn46eyzcgymhzpom3gkqpj6yxacdpvu4mbq7sgskn6hvid.onion,http://amnesia6iuqn46eyzcgymhzpom3gkqpj6yxacdpvu4mbq7sgskn6hvid.onion/,directory:daunt.link,0,,,,,,
rushrushxdfjtczgaux2tyw62nqcucwkrfboobxdg435ydvfsvag3lqd.onion,http://rushrushxdfjtczgaux2tyw62nqcucwkrfboobxdg435ydvfsvag3lqd.onion/,directory:daunt.link,0,,,,,,
skoutchtiq6i473shdg2ycebalkqherg2ham2suvcoto6wtns5fpjvid.onion,http://skoutchtiq6i473shdg2ycebalkqherg2ham2suvcoto6wtns5fpjvid.onion/,directory:daunt.link,0,,,,,,
3worldshxh35jvqlcnkoibw7q6wdguoxikdsf2hovxjk2afimd2r4oad.onion,http://3worldshxh35jvqlcnkoibw7q6wdguoxikdsf2hovxjk2afimd2r4oad.onion/,directory:daunt.link,0,,,,,,
gardeni2xtbqdpn3mndvod5rzewor2rlo2g5iuyniqwd7vbyt7cwcrqd.onion,http://gardeni2xtbqdpn3mndvod5rzewor2rlo2g5iuyniqwd7vbyt7cwcrqd.onion/,directory:daunt.link,0,,,,,,
gardenjsprbg5fchsmofxdjsti76dd7use3v4q4z2suqfgeytjylliid.onion,http://gardenjsprbg5fchsmofxdjsti76dd7use3v4q4z2suqfgeytjylliid.onion/,directory:daunt.link,0,,,,,,
ppuffp3oytdydd2cpwnztrrikxo7l3fh4ode5taoa2huokleetx346ad.onion,http://ppuffp3oytdydd2cpwnztrrikxo7l3fh4ode5taoa2huokleetx346ad.onion/,directory:daunt.link,0,,,,,,
goldtx2kn64bru6ozftz2kgdm6mulzjbokdh3dlmefgfbmiu7usbfnid.onion,http://goldtx2kn64bru6ozftz2kgdm6mulzjbokdh3dlmefgfbmiu7usbfnid.onion/,directory:daunt.link,0,,,,,,
lsdexpbuxfadzthov4cjsxialnf5kon4sz5oen6j6l3v2f46bfd6j5id.onion,http://lsdexpbuxfadzthov4cjsxialnf5kon4sz5oen6j6l3v2f46bfd6j5id.onion/,directory:daunt.link,0,,,,,,
nordicmvfyz7uiellfbbtuytiuk2ew7sfwulsxjr2eanux7vi6w2rhad.onion,http://nordicmvfyz7uiellfbbtuytiuk2ew7sfwulsxjr2eanux7vi6w2rhad.onion/,directory:daunt.link,0,,,,,,
addyrskyo2fdmiawv26taertu65ozizsusb6bup3mjn5v2kwogbsdyid.onion,http://addyrskyo2fdmiawv26taertu65ozizsusb6bup3mjn5v2kwogbsdyid.onion/,directory:daunt.link,0,,,,,,
qoc42ohmwfff37ngdeqc4eqpu2tlpe6kvaz2c76gy7hjtdewwz4firad.onion,http://qoc42ohmwfff37ngdeqc4eqpu2tlpe6kvaz2c76gy7hjtdewwz4firad.onion/,directory:daunt.link,0,,,,,,
sun2axmapeu2u66xjlt5qgappb3q3cubnhesgrfrxef56juxyd4yw7id.onion,http://sun2axmapeu2u66xjlt5qgappb3q3cubnhesgrfrxef56juxyd4yw7id.onion/,directory:daunt.link,0,,,,,,
deaddrop3m4nxdjueza5vgebsruydayytjy2lf3vj5eqmywtdv7fcrqd.onion,http://deaddrop3m4nxdjueza5vgebsruydayytjy2lf3vj5eqmywtdv7fcrqd.onion/,directory:daunt.link,0,,,,,,
spacexpkeys5of5zsj6c74wwyut72kcplpua4km644b3zhywv6duz5yd.onion,http://spacexpkeys5of5zsj6c74wwyut72kcplpua4km644b3zhywv6duz5yd.onion/,directory:daunt.link,0,,,,,,
cryptbbtg65gibadeeo2awe3j7s6evg7eklserehqr4w4e2bis5tebid.onion,http://cryptbbtg65gibadeeo2awe3j7s6evg7eklserehqr4w4e2bis5tebid.onion/,directory:daunt.link,0,,,,,,
rfxzftj455ujrbzyqfw7dsaephyppkn6k3prbn7tlhcew43almqi2fid.onion,http://rfxzftj455ujrbzyqfw7dsaephyppkn6k3prbn7tlhcew43almqi2fid.onion/,directory:daunt.link,0,,,,,,
c5p4khnw66o6mrjpzxoszn5jqlqeynw75s5jf6whzts2g74dd4bvqxid.onion,http://c5p4khnw66o6mrjpzxoszn5jqlqeynw75s5jf6whzts2g74dd4bvqxid.onion/,directory:daunt.link,0,,,,,,
zqnepw2dvsjtdjypbwurugtp3g46am55ugbx2wc2o4dsvuayamhtavqd.onion,http://zqnepw2dvsjtdjypbwurugtp3g46am55ugbx2wc2o4dsvuayamhtavqd.onion/,directory:daunt.link,0,,,,,,
eisrgs2wyyzaxemtaof3n2kqqxuxdx3y7r5vwfi7rukn3z7owxweznid.onion,http://eisrgs2wyyzaxemtaof3n2kqqxuxdx3y7r5vwfi7rukn3z7owxweznid.onion/,directory:daunt.link,0,,,,,,
dnmirc4ammtmfnwtgomctcl7gdtwrkp2ymkzw6y6xelo5rqaqm3peiid.onion,http://dnmirc4ammtmfnwtgomctcl7gdtwrkp2ymkzw6y6xelo5rqaqm3peiid.onion/,directory:daunt.link,0,,,,,,
libraryfyuybp7oyidyya3ah5xvwgyx6weauoini7zyz555litmmumad.onion,http://libraryfyuybp7oyidyya3ah5xvwgyx6weauoini7zyz555litmmumad.onion/,directory:daunt.link,0,,,,,,
xmxmrjoqo63c5notr2ds2t3pdpsg4ysqqe6e6uu2pycecmjs4ekzpmyd.onion,http://xmxmrjoqo63c5notr2ds2t3pdpsg4ysqqe6e6uu2pycecmjs4ekzpmyd.onion/,directory:daunt.link,0,,,,,,
exchanger.rjocosf2mfgkrlsrr5k52nb4lbldhiazajqcjtr35w2ulumlbggnmmad.onion,http://rjocosf2mfgkrlsrr5k52nb4lbldhiazajqcjtr35w2ulumlbggnmmad.onion/,directory:daunt.link,0,,,,,,
exchanger.jp43npzv6hjvgovphlrvpaagoowhvy2rdz2374cmyoqi4nwvqkfp7tid.onion,http://jp43npzv6hjvgovphlrvpaagoowhvy2rdz2374cmyoqi4nwvqkfp7tid.onion/,directory:daunt.link,0,,,,,,
exchanger.pqpk7bpkpnmxqr6zmvk7kjtfwwusecwaiih77cmowl2trvocerjw3bad.onion,http://pqpk7bpkpnmxqr6zmvk7kjtfwwusecwaiih77cmowl2trvocerjw3bad.onion/,directory:daunt.link,0,,,,,,
exchanger.dhme3vnfeleniirt5nxuhpmjsfq5srp44uyq2jyihhnrxus7ibfqhiqd.onion,http://dhme3vnfeleniirt5nxuhpmjsfq5srp44uyq2jyihhnrxus7ibfqhiqd.onion/,directory:daunt.link,0,,,,,,
exchanger.gyrwc2fhteu3jvpf5hywojfumxjjxplm2vkgcy4tziwpqaaz2wtirzqd.onion,http://gyrwc2fhteu3jvpf5hywojfumxjjxplm2vkgcy4tziwpqaaz2wtirzqd.onion/,directory:daunt.link,0,,,,,,
exchanger.kklv24tay3qygskfk4airzs53uwyuu5ulmncjwrfbm6em56uakixuhad.onion,http://kklv24tay3qygskfk4airzs53uwyuu5ulmncjwrfbm6em56uakixuhad.onion/,directory:daunt.link,0,,,,,,
exchanger.c5feretjinxxgfeqkl7larx5hdwyqsvnwf72h2xepgcahsezhbv6naqd.onion,http://c5feretjinxxgfeqkl7larx5hdwyqsvnwf72h2xepgcahsezhbv6naqd.onion/,directory:daunt.link,0,,,,,,
exchanger.p7nplvfgb4yxovywiwtq74tjjirel7wx6vigthhsamac4gmjjiqfvzid.onion,http://p7nplvfgb4yxovywiwtq74tjjirel7wx6vigthhsamac4gmjjiqfvzid.onion/,directory:daunt.link,0,,,,,,
exchanger.jws5rbbkxgpxh7cohufx6e5uqpslh6fbrhyylcwrkiq5svycb56hd7ad.onion,http://jws5rbbkxgpxh7cohufx6e5uqpslh6fbrhyylcwrkiq5svycb56hd7ad.onion/,directory:daunt.link,0,,,,,,
exchanger.fn2b4tg4nfo7lu67dg4txdv7nrvfqavhg3pxlqnrgpfo7jz4g6hxamid.onion,http://fn2b4tg4nfo7lu67dg4txdv7nrvfqavhg3pxlqnrgpfo7jz4g6hxamid.onion/,directory:daunt.link,0,,,,,,
exchanger.6emgxas4pvwhegctqemi3b64zhrr7xdryasgbktzrlqo7sc3wbboxdyd.onion,http://6emgxas4pvwhegctqemi3b64zhrr7xdryasgbktzrlqo7sc3wbboxdyd.onion/,directory:daunt.link,0,,,,,,
exchanger.y2qbcye6itrhd4tysifctwqvu4mjkt6wfb2imehs6a7pklmqjkw5udqd.onion,http://y2qbcye6itrhd4tysifctwqvu4mjkt6wfb2imehs6a7pklmqjkw5udqd.onion/,directory:daunt.link,0,,,,,,
exchanger.pdlmh5h5scwo2tsosr76iax76bcy54ul2djnzhamo4oydwzzkjf32mid.onion,http://pdlmh5h5scwo2tsosr76iax76bcy54ul2djnzhamo4oydwzzkjf32mid.onion/,directory:daunt.link,0,,,,,,
exchanger.infinityjs5qob5euyao745kp5x2hh4xquh7qs5cze3kcxv63xdwxlad.onion,http://infinityjs5qob5euyao745kp5x2hh4xquh7qs5cze3kcxv63xdwxlad.onion/,directory:daunt.link,0,,,,,,
exchanger.57hmz37zpibfjmt4zhejgn7mjhalpf2py7xr4m4i7gyen6547tee7nad.onion,http://57hmz37zpibfjmt4zhejgn7mjhalpf2py7xr4m4i7gyen6547tee7nad.onion/,directory:daunt.link,0,,,,,,
exchanger.stoiegdjpgm7fn54lebx4hilitxdeovkutpc4ya34xetjwjeq7hootid.onion,http://stoiegdjpgm7fn54lebx4hilitxdeovkutpc4ya34xetjwjeq7hootid.onion/,directory:daunt.link,0,,,,,,
exchanger.kpraa7hen7q22rdidorpfdf4f4aw3duh5gceysitd3tasfiidipxcmyd.onion,http://kpraa7hen7q22rdidorpfdf4f4aw3duh5gceysitd3tasfiidipxcmyd.onion/,directory:daunt.link,0,,,,,,
exchanger.mb552q7s75safalxcxnvlnkmsfni26i64dtbxv2on73rknui44jr7tid.onion,http://mb552q7s75safalxcxnvlnkmsfni26i64dtbxv2on73rknui44jr7tid.onion/,directory:daunt.link,0,,,,,,
exchanger.oqtcgexq2x2vimgaymekiasmiuaeosgqxjr5qhb4d4kgs7scc2zkokad.onion,http://oqtcgexq2x2vimgaymekiasmiuaeosgqxjr5qhb4d4kgs7scc2zkokad.onion/,directory:daunt.link,0,,,,,,
exchanger.m6zgc2usfqyzyi3jrketzhuksosezfdrflrboh4imrbzspgme4n4gnid.onion,http://m6zgc2usfqyzyi3jrketzhuksosezfdrflrboh4imrbzspgme4n4gnid.onion/,directory:daunt.link,0,,,,,,
torbox36ijlcevujx7mjb4oiusvwgvmue7jfn2cvutwa6kl6to3uyqad.onion,http://torbox36ijlcevujx7mjb4oiusvwgvmue7jfn2cvutwa6kl6to3uyqad.onion/,directory:daunt.link,0,,,,,,
